<?xml version="1.0" encoding="UTF-8"?>
<!DOCTYPE mapper
  PUBLIC "-//mybatis.org//DTD Mapper 3.0//EN"
  "http://mybatis.org/dtd/mybatis-3-mapper.dtd">
<mapper namespace="com.bbs.web.DAO.BbsDAO">
  <!-- 데이터베이스 컬럼이름이 달라서 매핑이 제대로 되지 않을 떄
  <resultMap type="com.newlectre.web.entity.NoticeView" id="noticeViewMap">
  	<result property="memberName" column="member_name"/>
  	<result 여러개 올 수 있음/>
  </resultMap>
  																		0,3 4,6 7,9 		int limit =x;
  																		
  값 넣어줄때 
  String -> ${string} int -> #{int}
<select> ->반환타입을 명시해줘야 하기때문에 resultType
<update>,<insert> 넘겨받는 타입을 명시해줘야 하기 때문에 ParameterType
<delete> 객체를 넘겨 받지않는 기본형이기 때문에 resultType,ParameterType 생략
    -->
  <!-- SELECT -->
  <select id="getList" resultType="com.bbs.web.Entity.Bbs">
  select * from bbs where bbsAvailable = 1 and ${field} like '%${searchWord}%' order by ${field} ${sortType} limit #{pageNumber},  #{limit} ;
  </select>  
  
  <select id="count" resultType = "integer">
  select count(*) from bbs where bbsAvailable = 1
  <if test="field != null">
  and ${field} like '%${searchWord}%';
  </if>
  </select>
  
  
  
  <select id="getBbsID" resultType="integer">
  select bbsID from bbs  order by bbsID desc limit 1;
  </select>
  
  <select id="getBbs" resultType="com.bbs.web.Entity.Bbs">
  select * from bbs where bbsAvailable =1 and bbsID = #{bbsID};
  </select>
  
  <!-- INSERT -->
  <insert id="write" parameterType="com.bbs.web.Entity.Bbs">
  insert into bbs(bbsID,bbsTitle,userID,bbsDate,bbsContent,bbsAvailable) values (#{bbsID},'${bbsTitle}','${userID}','${bbsDate}','${bbsContent}',1);
  </insert>
  
  <!-- UPDATE --> 
  <update id ="deleteBbs">
  update bbs set bbsAvailable = 2 where bbsID = ${bbsID};
  </update>			
  
  <update id = "updateBbs">
  update bbs set bbsContent = '${bbsContent}' , bbsTitle = '${bbsTitle}' where bbsID = ${bbsID}
  </update>			




</mapper>