<?xml version="1.0" encoding="UTF-8"?>
<!DOCTYPE mapper
  PUBLIC "-//mybatis.org//DTD Mapper 3.0//EN"
  "http://mybatis.org/dtd/mybatis-3-mapper.dtd">
<mapper namespace="com.bbs.web.DAO.ReplyDAO">
	<!-- SELECT -->
	<select id="getList" resultType="com.bbs.web.Entity.Reply">
		select * from reply where bbsID = #{bbsID} and replyAvailable = 1 order by
		replyDate desc limit #{limit},3;
	</select>
	<select id="getReplyID" resultType="integer">
		select replyID from reply order by replyDate desc limit 1;
	</select>
	<select id="countReply" resultType="integer">
		select count(*) from reply where bbsID = ${bbsID} and replyAvailable = 1;
	</select>
	<!-- insert -->
	<insert id="writeReply" parameterType="com.bbs.web.Entity.Reply">
		insert into
		reply(replyID,bbsID,replyContent,userID,replyDate,replyAvailable)
		values(#{replyID},#{bbsID},'${replyContent}','${userID}','${replyDate}',#{replyAvailable})
	</insert>
	<!-- update -->
	<update id="deleteReply">
		update reply set replyAvailable = 2 where replyID = ${replyID};
	</update>
	<update id="updateReply">
		update reply set replyContent = '${updateContent}' where replyID =
		${replyID};
	</update>



















</mapper>