<?xml version="1.0" encoding="UTF-8"?>
<!DOCTYPE mapper
  PUBLIC "-//mybatis.org//DTD Mapper 3.0//EN"
  "http://mybatis.org/dtd/mybatis-3-mapper.dtd">
<mapper namespace="com.bbs.web.DAO.UserDAO">
	<!-- 데이터베이스 컬럼이름이 달라서 매핑이 제대로 되지 않을 떄 <resultMap type="com.newlectre.web.entity.NoticeView" 
		id="noticeViewMap"> <result property="memberName" column="member_name"/> 
		<result 여러개 올 수 있음/> </resultMap> 값 넣어줄때 String -> ${string} int -> #{int} 
		<select> ->반환타입을 명시해줘야 하기때문에 resultType <update>,<insert> 넘겨받는 타입을 명시해줘야 
		하기 때문에 ParameterType <delete> 객체를 넘겨 받지않는 기본형이기 때문에 resultType,ParameterType 
		생략 -->
	<!-- SELECT -->
	
	<select id="Login" resultType="com.bbs.web.Entity.User.User">
		select * from user where userID = '${userID}' and userPassword =
		'${userPassword}'
	</select>
	
	<select id="JoinCheck" resultType="integer">
		select count(*) from user where userID = '${userID}' or userPassword =
		'${userPassword}' or userName = '${userName}' or userEmail =
		'${userEmail}';
	</select>

	<!-- INSERT -->
	
	<insert id="Join" parameterType="com.bbs.web.Entity.User.User">
		insert into user (userID, userPassword, userName, userGender, userEmail)
		values ('${userID}', '${userPassword}', '${userName}',
		'${userGender}', '${userEmail}')
	</insert>

</mapper>